fp_number,plot_area_sqft,plot_area_sqm,shape_class,frontage_m,depth_m,height_band,envelope_status,placement_status,core_status,skeleton_status,skeleton_valid,compliance_status,fsi_achieved,fsi_max,gc_achieved_pct,gc_permissible_pct,cop_provided_sqft,cop_required_sqft,cop_pct,storey_height_used_m,num_floors_estimated,footprint_width_m,footprint_depth_m,efficiency_pct,core_failed,fallback_road_used,error
1,1400.73,130.13,IRREGULAR,17.179,7.351,HIGH_RISE,COLLAPSED,,,,,,,,,,,,,,,,,,,Y,"Envelope collapsed after applying 4.00 m (13.1234 DXF ft) margin on edge 3 (SIDE, GDCR Table 6.26). The plot is too narrow to accommodate the required setback."
10,3139.37,291.66,IRREGULAR,27.037,11.441,HIGH_RISE,VALID,NO_FIT,,,,,,,,,,,,,,,,,,Y,Placement failed
101,1632.59,151.67,IRREGULAR,13.624,11.287,HIGH_RISE,TOO_SMALL,,,,,,,,,,,,,,,,,,,Y,Resulting envelope area 133.4 sq.ft is below the minimum buildable threshold of 215.0 sq.ft (~20 sq.m). The plot is too small for the proposed margins.
104,2975.77,276.46,IRREGULAR,20.786,15.885,HIGH_RISE,VALID,VALID,VALID,END_CORE,Y,NON-COMPLIANT,1.4467,2.7,18.08,40.0,719.11,297.58,241.65,3.0,8,9.373,5.334,54.55,N,Y,
105,8495.03,789.21,IRREGULAR,28.389,31.78,HIGH_RISE,VALID,VALID,VALID,END_CORE,Y,NON-COMPLIANT,1.0787,2.7,13.48,40.0,4864.03,849.5,572.58,3.0,8,6.536,16.294,77.91,N,Y,
106,3861.0,358.7,IRREGULAR,28.456,13.01,HIGH_RISE,VALID,VALID,VALID,END_CORE,Y,NON-COMPLIANT,1.7031,2.7,21.29,40.0,1145.03,386.1,296.56,3.0,8,19.129,4.027,77.73,N,Y,
107,11733.86,1090.11,IRREGULAR,36.771,29.009,HIGH_RISE,VALID,VALID,VALID,END_CORE,Y,NON-COMPLIANT,2.2042,2.7,27.55,40.0,2309.74,1173.39,196.84,3.0,8,17.433,17.229,79.11,N,Y,
108,5794.03,538.28,IRREGULAR,32.835,16.515,HIGH_RISE,VALID,VALID,VALID,END_CORE,Y,NON-COMPLIANT,2.7047,2.7,33.81,40.0,1387.68,579.4,239.5,3.0,8,7.349,24.834,85.5,N,Y,
109,2783.02,258.55,IRREGULAR,17.426,15.0,HIGH_RISE,VALID,VALID,VALID,END_CORE,Y,NON-COMPLIANT,1.6403,2.7,20.5,40.0,736.21,278.3,264.54,3.0,8,8.839,6.02,51.81,N,Y,
11,4180.04,388.34,IRREGULAR,23.229,17.198,HIGH_RISE,VALID,VALID,VALID,SINGLE_LOADED,Y,NON-COMPLIANT,2.3468,2.7,29.34,40.0,982.73,418.0,235.1,3.0,8,15.214,7.488,60.46,N,Y,
110,6277.38,583.19,IRREGULAR,34.878,17.048,HIGH_RISE,VALID,VALID,VALID,END_CORE,Y,NON-COMPLIANT,1.103,2.7,13.79,40.0,1462.63,627.74,233.0,3.0,8,10.058,8.001,55.01,N,Y,
111,2929.36,272.15,IRREGULAR,17.005,16.377,HIGH_RISE,VALID,VALID,VALID,END_CORE,Y,NON-COMPLIANT,1.8018,2.7,22.52,40.0,731.6,292.94,249.74,3.0,8,6.858,8.992,59.96,N,Y,
112,5799.92,538.83,IRREGULAR,31.703,17.716,HIGH_RISE,VALID,VALID,VALID,SINGLE_LOADED,Y,NON-COMPLIANT,2.6274,2.7,32.84,40.0,1323.06,579.99,228.12,3.0,8,23.405,7.562,68.82,N,Y,
113,1548.84,143.89,IRREGULAR,15.956,9.513,HIGH_RISE,TOO_SMALL,,,,,,,,,,,,,,,,,,,Y,Resulting envelope area 25.5 sq.ft is below the minimum buildable threshold of 215.0 sq.ft (~20 sq.m). The plot is too small for the proposed margins.
114,7126.32,662.06,IRREGULAR,26.581,25.035,HIGH_RISE,VALID,VALID,VALID,END_CORE,Y,NON-COMPLIANT,3.0033,2.7,37.54,40.0,1154.93,712.63,162.07,3.0,8,17.979,13.867,74.04,N,Y,
115,1911.87,177.62,IRREGULAR,17.602,10.286,HIGH_RISE,TOO_SMALL,,,,,,,,,,,,,,,,,,,Y,Resulting envelope area 127.5 sq.ft is below the minimum buildable threshold of 215.0 sq.ft (~20 sq.m). The plot is too small for the proposed margins.
116,6005.87,557.96,IRREGULAR,35.089,16.261,HIGH_RISE,VALID,VALID,VALID,SINGLE_LOADED,Y,NON-COMPLIANT,2.6577,2.7,33.22,40.0,1438.45,600.59,239.51,3.0,8,26.08,7.125,69.57,N,Y,
117,4106.94,381.55,IRREGULAR,27.42,13.925,HIGH_RISE,VALID,VALID,VALID,END_CORE,Y,NON-COMPLIANT,2.0014,2.7,25.02,40.0,1179.07,410.69,287.09,3.0,8,19.381,4.944,78.02,N,Y,
118,9347.26,868.39,IRREGULAR,27.501,31.623,HIGH_RISE,VALID,VALID,VALID,END_CORE,Y,NON-COMPLIANT,2.8795,2.7,35.99,40.0,1180.8,934.73,126.33,3.0,8,16.079,19.525,81.56,N,Y,
119,4662.84,433.19,IRREGULAR,27.502,16.602,HIGH_RISE,VALID,VALID,VALID,END_CORE,Y,NON-COMPLIANT,2.2693,2.7,28.37,40.0,1162.11,466.28,249.23,3.0,8,6.305,19.517,81.55,N,Y,
12,2353.27,218.63,IRREGULAR,23.23,9.412,HIGH_RISE,TOO_SMALL,,,,,,,,,,,,,,,,,,,Y,Resulting envelope area 67.5 sq.ft is below the minimum buildable threshold of 215.0 sq.ft (~20 sq.m). The plot is too small for the proposed margins.
120,2478.63,230.27,IRREGULAR,23.632,9.859,HIGH_RISE,TOO_SMALL,,,,,,,,,,,,,,,,,,,Y,Resulting envelope area 141.7 sq.ft is below the minimum buildable threshold of 215.0 sq.ft (~20 sq.m). The plot is too small for the proposed margins.
121,5229.81,485.87,IRREGULAR,31.485,15.736,HIGH_RISE,VALID,VALID,VALID,END_CORE,Y,NON-COMPLIANT,2.523,2.7,31.54,40.0,1294.18,522.98,247.46,3.0,8,6.716,22.857,84.25,N,Y,
122,3453.12,320.81,IRREGULAR,23.207,14.447,HIGH_RISE,VALID,VALID,VALID,END_CORE,Y,NON-COMPLIANT,1.7044,2.7,21.31,40.0,969.23,345.31,280.68,3.0,8,14.959,4.591,71.52,N,Y,
123,6129.24,569.43,IRREGULAR,34.321,16.814,HIGH_RISE,VALID,VALID,VALID,END_CORE,Y,NON-COMPLIANT,2.8008,2.7,35.01,40.0,1443.32,612.92,235.48,3.0,8,7.817,25.57,85.92,N,Y,
124,7353.18,683.13,IRREGULAR,35.305,22.078,HIGH_RISE,VALID,VALID,VALID,END_CORE,Y,NON-COMPLIANT,1.064,2.7,13.3,40.0,1517.21,735.32,206.33,3.0,8,6.197,15.626,76.96,N,Y,
125,5245.68,487.34,IRREGULAR,23.215,20.998,HIGH_RISE,COLLAPSED,,,,,,,,,,,,,,,,,,,Y,"Envelope collapsed after applying 4.00 m (13.1234 DXF ft) margin on edge 3 (REAR, GDCR Table 6.26). The plot is too narrow to accommodate the required setback."
126,9608.43,892.65,IRREGULAR,40.029,22.363,HIGH_RISE,VALID,VALID,VALID,DOUBLE_LOADED,Y,NON-COMPLIANT,3.1966,2.7,39.96,40.0,1695.64,960.84,176.47,3.0,8,30.383,11.771,77.21,N,Y,
127,26027.95,2418.08,IRREGULAR,60.791,46.09,HIGH_RISE,VALID,VALID,VALID,END_CORE,Y,NON-COMPLIANT,2.2628,2.7,28.28,40.0,2602.81,2602.79,100.0,3.0,8,20.335,34.117,89.45,N,Y,
128,3341.1,310.4,IRREGULAR,22.259,15.445,HIGH_RISE,VALID,VALID,VALID,END_CORE,Y,NON-COMPLIANT,1.6046,2.7,20.06,40.0,919.05,334.11,275.07,3.0,8,13.411,4.648,68.24,N,Y,
129,7514.15,698.09,IRREGULAR,23.659,30.697,HIGH_RISE,VALID,VALID,VALID,END_CORE,Y,NON-COMPLIANT,2.9764,2.7,37.21,40.0,965.62,751.42,128.51,3.0,8,19.559,13.296,72.92,N,Y,
13,5406.29,502.26,IRREGULAR,29.773,16.767,HIGH_RISE,VALID,VALID,VALID,END_CORE,Y,NON-COMPLIANT,2.7168,2.7,33.96,40.0,1285.24,540.63,237.73,3.0,8,7.787,22.006,83.64,N,Y,
130,7435.77,690.81,IRREGULAR,37.131,18.615,HIGH_RISE,VALID,VALID,VALID,SINGLE_LOADED,Y,NON-COMPLIANT,3.1884,2.7,39.85,40.0,1597.25,743.58,214.81,3.0,8,29.065,9.487,74.55,N,Y,
131,17688.5,1643.32,IRREGULAR,61.297,26.92,HIGH_RISE,COLLAPSED,,,,,,,,,,,,,,,,,,,Y,"Envelope collapsed after applying 4.00 m (13.1234 DXF ft) margin on edge 2 (SIDE, GDCR Table 6.26). The plot is too narrow to accommodate the required setback."
132,16073.34,1493.26,IRREGULAR,61.297,24.355,HIGH_RISE,VALID,VALID,VALID,END_CORE,Y,NON-COMPLIANT,3.1609,2.7,39.51,40.0,2601.06,1607.33,161.82,3.0,8,11.828,49.883,92.78,N,Y,
133,39595.39,3678.53,IRREGULAR,59.076,59.445,HIGH_RISE,VALID,VALID,VALID,END_CORE,Y,NON-COMPLIANT,3.1544,2.7,39.43,40.0,3959.55,3959.54,100.0,3.0,8,36.117,40.231,91.05,N,Y,
134,17079.81,1586.77,IRREGULAR,43.951,35.05,HIGH_RISE,VALID,VALID,VALID,END_CORE,Y,NON-COMPLIANT,2.9904,2.7,37.38,40.0,1995.54,1707.98,116.84,3.0,8,30.895,19.205,81.25,N,Y,
139,6097.41,566.47,IRREGULAR,33.242,16.672,HIGH_RISE,VALID,VALID,VALID,SINGLE_LOADED,Y,NON-COMPLIANT,2.7623,2.7,34.53,40.0,1436.18,609.74,235.54,3.0,8,25.625,7.661,70.32,N,Y,
14,4191.68,389.42,IRREGULAR,29.773,14.521,HIGH_RISE,VALID,NO_FIT_CORE,NO_CORE_FIT,,,,,,,,,,,,,20.244,3.572,,Y,Y,Core fit failed
140,1436.61,133.47,IRREGULAR,16.661,8.207,HIGH_RISE,COLLAPSED,,,,,,,,,,,,,,,,,,,Y,"Envelope collapsed after applying 5.00 m (16.4042 DXF ft) margin on edge 3 (ROAD, GDCR Table 6.24). The plot is too narrow to accommodate the required setback."
141,9515.87,884.05,IRREGULAR,12.832,50.045,HIGH_RISE,VALID,VALID,VALID,SINGLE_LOADED,Y,NON-COMPLIANT,3.1323,2.7,39.15,40.0,951.59,951.59,100.0,3.0,8,38.404,9.106,77.19,N,Y,
142,4458.65,414.22,IRREGULAR,29.264,16.467,HIGH_RISE,VALID,VALID,VALID,END_CORE,Y,NON-COMPLIANT,1.5188,2.7,18.98,40.0,1215.41,445.86,272.6,3.0,8,19.956,4.035,78.65,N,Y,
143,4143.34,384.93,IRREGULAR,29.583,13.132,HIGH_RISE,VALID,VALID,VALID,END_CORE,Y,NON-COMPLIANT,1.7883,2.7,22.35,40.0,1262.1,414.33,304.61,3.0,8,21.412,4.022,80.1,N,Y,
144,5860.35,544.44,IRREGULAR,30.132,18.265,HIGH_RISE,VALID,VALID,VALID,END_CORE,Y,NON-COMPLIANT,1.6541,2.7,20.68,40.0,2080.35,586.03,354.99,3.0,8,5.16,21.876,83.54,N,Y,
145,5820.43,540.74,IRREGULAR,26.386,20.675,HIGH_RISE,VALID,VALID,VALID,END_CORE,Y,NON-COMPLIANT,3.1044,2.7,38.81,40.0,1118.27,582.04,192.13,3.0,8,11.671,18.001,80.0,N,Y,
146,8246.72,766.14,IRREGULAR,39.936,19.87,HIGH_RISE,VALID,VALID,VALID,END_CORE,Y,NON-COMPLIANT,3.0271,2.7,37.84,40.0,1691.05,824.67,205.06,3.0,8,9.243,31.459,88.56,N,Y,
147,2907.84,270.15,IRREGULAR,25.628,10.982,HIGH_RISE,VALID,NO_FIT,,,,,,,,,,,,,,,,,,Y,Placement failed
148,1502.65,139.6,IRREGULAR,14.45,9.67,HIGH_RISE,TOO_SMALL,,,,,,,,,,,,,,,,,,,Y,Resulting envelope area 46.0 sq.ft is below the minimum buildable threshold of 215.0 sq.ft (~20 sq.m). The plot is too small for the proposed margins.
149,1062.36,98.7,IRREGULAR,11.186,9.676,HIGH_RISE,TOO_SMALL,,,,,,,,,,,,,,,,,,,Y,Resulting envelope area 10.6 sq.ft is below the minimum buildable threshold of 215.0 sq.ft (~20 sq.m). The plot is too small for the proposed margins.
15,4936.69,458.63,IRREGULAR,29.282,17.92,HIGH_RISE,VALID,VALID,VALID,END_CORE,Y,NON-COMPLIANT,1.8948,2.7,23.68,40.0,1211.15,493.67,245.34,3.0,8,5.264,20.636,82.56,N,Y,
150,8672.19,805.67,IRREGULAR,30.132,20.681,HIGH_RISE,VALID,VALID,VALID,END_CORE,Y,NON-COMPLIANT,2.0102,2.7,25.13,40.0,1678.58,867.22,193.56,3.0,8,11.638,17.409,79.32,N,Y,
151,1705.25,158.42,IRREGULAR,16.774,9.509,HIGH_RISE,TOO_SMALL,,,,,,,,,,,,,,,,,,,Y,Resulting envelope area 44.7 sq.ft is below the minimum buildable threshold of 215.0 sq.ft (~20 sq.m). The plot is too small for the proposed margins.
152,6680.73,620.66,IRREGULAR,43.923,24.988,HIGH_RISE,VALID,VALID,VALID,END_CORE,Y,NON-COMPLIANT,0.8047,2.7,10.06,40.0,2020.28,668.07,302.41,3.0,8,5.074,12.632,71.5,N,Y,
153,6138.38,570.27,IRREGULAR,31.055,20.478,HIGH_RISE,VALID,VALID,VALID,END_CORE,Y,NON-COMPLIANT,1.7909,2.7,22.39,40.0,980.17,613.84,159.68,3.0,8,12.497,10.225,64.79,N,Y,
155,5988.43,556.34,IRREGULAR,33.206,16.945,HIGH_RISE,VALID,VALID,VALID,END_CORE,Y,NON-COMPLIANT,2.6444,2.7,33.05,40.0,1465.5,598.84,244.72,3.0,8,7.28,25.281,85.76,N,Y,
156,6632.51,616.18,IRREGULAR,36.423,22.195,HIGH_RISE,VALID,NO_FIT,,,,,,,,,,,,,,,,,,Y,Placement failed
157,1538.97,142.97,IRREGULAR,16.398,8.839,HIGH_RISE,COLLAPSED,,,,,,,,,,,,,,,,,,,Y,"Envelope collapsed after applying 5.00 m (16.4042 DXF ft) margin on edge 4 (ROAD, GDCR Table 6.24). The plot is too narrow to accommodate the required setback."
158,5397.44,501.44,IRREGULAR,17.83,15.029,HIGH_RISE,VALID,VALID,VALID,END_CORE,Y,NON-COMPLIANT,0.7823,2.7,9.78,40.0,1441.02,539.74,266.98,3.0,8,8.153,6.02,47.75,N,Y,
159,3181.53,295.57,IRREGULAR,18.043,16.74,HIGH_RISE,VALID,VALID,VALID,END_CORE,Y,NON-COMPLIANT,1.9135,2.7,23.92,40.0,733.15,318.15,230.44,3.0,8,9.373,7.544,52.28,N,Y,
16,8296.46,770.77,IRREGULAR,36.254,24.007,HIGH_RISE,COLLAPSED,,,,,,,,,,,,,,,,,,,Y,"Envelope collapsed after applying 4.00 m (13.1234 DXF ft) margin on edge 6 (REAR, GDCR Table 6.26). The plot is too narrow to accommodate the required setback."
160,2965.5,275.5,IRREGULAR,27.246,10.218,HIGH_RISE,VALID,NO_FIT,,,,,,,,,,,,,,,,,,Y,Placement failed
160/1,1307.38,121.46,IRREGULAR,11.028,11.028,HIGH_RISE,TOO_SMALL,,,,,,,,,,,,,,,,,,,Y,Resulting envelope area 65.5 sq.ft is below the minimum buildable threshold of 215.0 sq.ft (~20 sq.m). The plot is too small for the proposed margins.
162,1418.43,131.78,IRREGULAR,17.611,7.582,HIGH_RISE,COLLAPSED,,,,,,,,,,,,,,,,,,,Y,"Envelope collapsed after applying 5.00 m (16.4042 DXF ft) margin on edge 4 (ROAD, GDCR Table 6.24). The plot is too narrow to accommodate the required setback."
163,2058.14,191.21,IRREGULAR,14.115,13.561,HIGH_RISE,VALID,NO_FIT_CORE,NO_CORE_FIT,,,,,,,,,,,,,6.096,4.572,,Y,Y,Core fit failed
164,1332.3,123.78,IRREGULAR,15.966,7.59,HIGH_RISE,COLLAPSED,,,,,,,,,,,,,,,,,,,Y,"Envelope collapsed after applying 5.00 m (16.4042 DXF ft) margin on edge 3 (ROAD, GDCR Table 6.24). The plot is too narrow to accommodate the required setback."
165,4124.97,383.22,IRREGULAR,26.482,14.767,HIGH_RISE,VALID,VALID,VALID,END_CORE,Y,NON-COMPLIANT,2.1216,2.7,26.52,40.0,1100.85,412.5,266.87,3.0,8,17.764,5.736,76.02,N,Y,
166,3079.51,286.1,IRREGULAR,21.279,13.445,HIGH_RISE,COLLAPSED,,,,,,,,,,,,,,,,,,,Y,"Envelope collapsed after applying 4.00 m (13.1234 DXF ft) margin on edge 1 (SIDE, GDCR Table 6.26). The plot is too narrow to accommodate the required setback."
167,7845.28,728.85,RECTANGULAR,29.157,25.059,HIGH_RISE,VALID,VALID,VALID,END_CORE,Y,NON-COMPLIANT,3.1961,2.7,39.95,40.0,1249.97,784.53,159.33,3.0,8,14.742,19.756,81.78,N,Y,
168,3013.98,280.01,RECTANGULAR,20.133,13.972,HIGH_RISE,COLLAPSED,,,,,,,,,,,,,,,,,,,Y,"Envelope collapsed after applying 4.00 m (13.1234 DXF ft) margin on edge 2 (SIDE, GDCR Table 6.26). The plot is too narrow to accommodate the required setback."
169,880.99,81.85,IRREGULAR,10.444,8.432,HIGH_RISE,COLLAPSED,,,,,,,,,,,,,,,,,,,Y,"Envelope collapsed after applying 4.00 m (13.1234 DXF ft) margin on edge 3 (SIDE, GDCR Table 6.26). The plot is too narrow to accommodate the required setback."
17,1486.61,138.11,IRREGULAR,23.533,6.297,HIGH_RISE,COLLAPSED,,,,,,,,,,,,,,,,,,,Y,"Envelope collapsed after applying 5.00 m (16.4042 DXF ft) margin on edge 3 (ROAD, GDCR Table 6.24). The plot is too narrow to accommodate the required setback."
170,1809.99,168.15,RECTANGULAR,14.758,11.394,HIGH_RISE,TOO_SMALL,,,,,,,,,,,,,,,,,,,Y,Resulting envelope area 174.2 sq.ft is below the minimum buildable threshold of 215.0 sq.ft (~20 sq.m). The plot is too small for the proposed margins.
171,560.73,52.09,IRREGULAR,7.882,6.711,HIGH_RISE,COLLAPSED,,,,,,,,,,,,,,,,,,,Y,"Envelope collapsed after applying 4.00 m (13.1234 DXF ft) margin on edge 3 (SIDE, GDCR Table 6.26). The plot is too narrow to accommodate the required setback."
172,5673.21,527.06,IRREGULAR,32.558,23.042,HIGH_RISE,TOO_SMALL,,,,,,,,,,,,,,,,,,,Y,Resulting envelope area 150.6 sq.ft is below the minimum buildable threshold of 215.0 sq.ft (~20 sq.m). The plot is too small for the proposed margins.
173,9897.35,919.49,IRREGULAR,36.254,18.003,HIGH_RISE,COLLAPSED,,,,,,,,,,,,,,,,,,,Y,"Envelope collapsed after applying 4.00 m (13.1234 DXF ft) margin on edge 2 (SIDE, GDCR Table 6.26). The plot is too narrow to accommodate the required setback."
174,5168.63,480.18,IRREGULAR,31.235,16.182,HIGH_RISE,COLLAPSED,,,,,,,,,,,,,,,,,,,Y,"Envelope collapsed after applying 4.00 m (13.1234 DXF ft) margin on edge 10 (SIDE, GDCR Table 6.26). The plot is too narrow to accommodate the required setback."
175,726.46,67.49,IRREGULAR,11.478,6.942,HIGH_RISE,COLLAPSED,,,,,,,,,,,,,,,,,,,Y,"Envelope collapsed after applying 5.00 m (16.4042 DXF ft) margin on edge 3 (ROAD, GDCR Table 6.24). The plot is too narrow to accommodate the required setback."
176,1231.11,114.37,IRREGULAR,20.295,6.029,HIGH_RISE,COLLAPSED,,,,,,,,,,,,,,,,,,,Y,"Envelope collapsed after applying 5.00 m (16.4042 DXF ft) margin on edge 7 (ROAD, GDCR Table 6.24). The plot is too narrow to accommodate the required setback."
177,4646.62,431.68,IRREGULAR,32.248,13.569,HIGH_RISE,VALID,VALID,VALID,END_CORE,Y,NON-COMPLIANT,2.001,2.7,25.01,40.0,1360.48,464.66,292.79,3.0,8,23.757,4.583,82.07,N,Y,
178,1707.4,158.62,IRREGULAR,30.38,5.635,HIGH_RISE,COLLAPSED,,,,,,,,,,,,,,,,,,,Y,"Envelope collapsed after applying 5.00 m (16.4042 DXF ft) margin on edge 5 (ROAD, GDCR Table 6.24). The plot is too narrow to accommodate the required setback."
179,6158.8,572.17,IRREGULAR,26.889,21.28,HIGH_RISE,VALID,VALID,VALID,END_CORE,Y,NON-COMPLIANT,0.9651,2.7,12.06,40.0,1157.72,615.88,187.98,3.0,8,5.639,12.268,70.66,N,Y,
18,507.99,47.19,IRREGULAR,9.383,5.7,HIGH_RISE,COLLAPSED,,,,,,,,,,,,,,,,,,,Y,"Envelope collapsed after applying 4.00 m (13.1234 DXF ft) margin on edge 2 (REAR, GDCR Table 6.26). The plot is too narrow to accommodate the required setback."
181,4228.68,392.86,IRREGULAR,37.882,8.914,HIGH_RISE,COLLAPSED,,,,,,,,,,,,,,,,,,,Y,"Envelope collapsed after applying 5.00 m (16.4042 DXF ft) margin on edge 5 (ROAD, GDCR Table 6.24). The plot is too narrow to accommodate the required setback."
19,706.44,65.63,IRREGULAR,10.785,6.509,HIGH_RISE,COLLAPSED,,,,,,,,,,,,,,,,,,,Y,"Envelope collapsed after applying 5.00 m (16.4042 DXF ft) margin on edge 4 (ROAD, GDCR Table 6.24). The plot is too narrow to accommodate the required setback."
2,3759.45,349.26,IRREGULAR,23.439,16.294,HIGH_RISE,VALID,VALID,VALID,END_CORE,Y,NON-COMPLIANT,1.7247,2.7,21.56,40.0,974.96,375.95,259.33,3.0,8,5.343,14.094,74.46,N,Y,
20,5150.84,478.53,IRREGULAR,19.355,26.782,HIGH_RISE,COLLAPSED,,,,,,,,,,,,,,,,,,,Y,"Envelope collapsed after applying 4.00 m (13.1234 DXF ft) margin on edge 8 (SIDE, GDCR Table 6.26). The plot is too narrow to accommodate the required setback."
21,2263.35,210.27,IRREGULAR,22.79,9.898,HIGH_RISE,TOO_SMALL,,,,,,,,,,,,,,,,,,,Y,Resulting envelope area 45.8 sq.ft is below the minimum buildable threshold of 215.0 sq.ft (~20 sq.m). The plot is too small for the proposed margins.
22,1707.2,158.6,IRREGULAR,14.758,12.343,HIGH_RISE,TOO_SMALL,,,,,,,,,,,,,,,,,,,Y,Resulting envelope area 6.7 sq.ft is below the minimum buildable threshold of 215.0 sq.ft (~20 sq.m). The plot is too small for the proposed margins.
23,12134.43,1127.33,IRREGULAR,50.926,23.698,HIGH_RISE,VALID,VALID,VALID,SINGLE_LOADED,Y,NON-COMPLIANT,2.6643,2.7,33.3,40.0,2252.68,1213.44,185.64,3.0,8,41.604,9.101,77.93,N,Y,
24,4630.31,430.17,RECTANGULAR,29.498,14.758,HIGH_RISE,VALID,VALID,VALID,END_CORE,Y,NON-COMPLIANT,2.2266,2.7,27.83,40.0,1244.13,463.03,268.69,3.0,8,20.935,5.739,79.65,N,Y,
25,3479.47,323.25,IRREGULAR,18.154,18.305,HIGH_RISE,COLLAPSED,,,,,,,,,,,,,,,,,,,Y,"Envelope collapsed after applying 4.00 m (13.1234 DXF ft) margin on edge 8 (SIDE, GDCR Table 6.26). The plot is too narrow to accommodate the required setback."
26,4084.56,379.47,IRREGULAR,22.105,18.105,HIGH_RISE,VALID,VALID,VALID,END_CORE,Y,NON-COMPLIANT,2.2878,2.7,28.6,40.0,894.9,408.46,219.09,3.0,8,8.153,13.335,73.0,N,Y,
27,4918.06,456.9,IRREGULAR,22.582,19.79,HIGH_RISE,VALID,VALID,VALID,END_CORE,Y,NON-COMPLIANT,2.631,2.7,32.89,40.0,949.13,491.81,192.99,3.0,8,10.256,14.664,75.45,N,Y,
28,3977.12,369.49,IRREGULAR,19.12,20.681,HIGH_RISE,VALID,VALID,VALID,END_CORE,Y,NON-COMPLIANT,2.3212,2.7,29.02,40.0,762.1,397.71,191.62,3.0,8,10.439,10.287,65.0,N,Y,
29,1200.7,111.55,IRREGULAR,12.473,9.637,HIGH_RISE,TOO_SMALL,,,,,,,,,,,,,,,,,,,Y,Resulting envelope area 16.4 sq.ft is below the minimum buildable threshold of 215.0 sq.ft (~20 sq.m). The plot is too small for the proposed margins.
3,203.09,18.87,IRREGULAR,4.787,3.962,HIGH_RISE,COLLAPSED,,,,,,,,,,,,,,,,,,,Y,"Envelope collapsed after applying 4.00 m (13.1234 DXF ft) margin on edge 0 (REAR, GDCR Table 6.26). The plot is too narrow to accommodate the required setback."
31,821.69,76.34,IRREGULAR,9.884,7.859,HIGH_RISE,COLLAPSED,,,,,,,,,,,,,,,,,,,Y,"Envelope collapsed after applying 5.00 m (16.4042 DXF ft) margin on edge 3 (ROAD, GDCR Table 6.24). The plot is too narrow to accommodate the required setback."
32,5188.84,482.06,IRREGULAR,31.74,16.568,HIGH_RISE,VALID,VALID,VALID,END_CORE,Y,NON-COMPLIANT,0.8908,2.7,11.14,40.0,970.71,518.88,187.08,3.0,8,13.564,3.962,68.59,N,Y,
33,4437.08,412.22,IRREGULAR,31.733,16.248,HIGH_RISE,COLLAPSED,,,,,,,,,,,,,,,,,,,Y,"Envelope collapsed after applying 5.00 m (16.4042 DXF ft) margin on edge 2 (ROAD, GDCR Table 6.24). The plot is too narrow to accommodate the required setback."
34,16322.14,1516.38,IRREGULAR,38.905,52.393,HIGH_RISE,COLLAPSED,,,,,,,,,,,,,,,,,,,Y,"Envelope collapsed after applying 4.00 m (13.1234 DXF ft) margin on edge 16 (REAR, GDCR Table 6.26). The plot is too narrow to accommodate the required setback."
35,1500.28,139.38,IRREGULAR,12.424,11.571,HIGH_RISE,TOO_SMALL,,,,,,,,,,,,,,,,,,,Y,Resulting envelope area 111.4 sq.ft is below the minimum buildable threshold of 215.0 sq.ft (~20 sq.m). The plot is too small for the proposed margins.
36,7705.43,715.86,IRREGULAR,34.089,25.65,HIGH_RISE,VALID,NO_FIT,,,,,,,,,,,,,,,,,,Y,Placement failed
37,5158.1,479.2,IRREGULAR,34.916,14.224,HIGH_RISE,VALID,VALID,VALID,END_CORE,Y,NON-COMPLIANT,1.8631,2.7,23.29,40.0,1670.19,515.81,323.8,3.0,8,27.176,4.118,84.32,N,Y,
38,2729.52,253.58,RECTANGULAR,9.596,15.598,HIGH_RISE,VALID,VALID,VALID,SINGLE_LOADED,Y,NON-COMPLIANT,1.7051,2.7,21.31,40.0,706.21,272.95,258.73,3.0,8,8.458,6.401,40.33,N,Y,
39,4194.56,389.69,IRREGULAR,27.951,15.037,HIGH_RISE,VALID,VALID,VALID,END_CORE,Y,NON-COMPLIANT,1.8605,2.7,23.26,40.0,1129.32,419.46,269.23,3.0,8,18.798,4.822,77.34,N,Y,
4,4494.11,417.52,IRREGULAR,19.979,21.495,HIGH_RISE,VALID,VALID,VALID,END_CORE,Y,NON-COMPLIANT,1.19,2.7,14.88,40.0,642.52,449.41,142.97,3.0,8,7.315,8.534,57.82,N,Y,
40,5970.34,554.66,IRREGULAR,31.176,25.491,HIGH_RISE,TOO_SMALL,,,,,,,,,,,,,,,,,,,Y,Resulting envelope area 119.4 sq.ft is below the minimum buildable threshold of 215.0 sq.ft (~20 sq.m). The plot is too small for the proposed margins.
41,2852.21,264.98,RECTANGULAR,18.102,14.781,HIGH_RISE,VALID,VALID,VALID,END_CORE,Y,NON-COMPLIANT,1.6936,2.7,21.17,40.0,779.16,285.22,273.18,3.0,8,5.563,10.135,64.48,N,Y,
42,9448.62,877.81,IRREGULAR,31.176,29.747,HIGH_RISE,VALID,VALID,VALID,END_CORE,Y,NON-COMPLIANT,3.0424,2.7,38.03,40.0,1224.56,944.86,129.6,3.0,8,18.736,17.824,79.8,N,Y,
43,22692.71,2108.22,RECTANGULAR,56.824,37.546,HIGH_RISE,VALID,VALID,VALID,END_CORE,Y,NON-COMPLIANT,3.1603,2.7,39.5,40.0,2393.18,2269.27,105.46,3.0,8,20.819,40.004,91.0,N,Y,
44,7346.68,682.53,RECTANGULAR,27.524,24.988,HIGH_RISE,VALID,VALID,VALID,END_CORE,Y,NON-COMPLIANT,3.1649,2.7,39.56,40.0,1169.01,734.67,159.12,3.0,8,18.118,14.991,75.99,N,Y,
46,3399.02,315.78,IRREGULAR,16.628,19.795,HIGH_RISE,COLLAPSED,,,,,,,,,,,,,,,,,,,Y,"Envelope collapsed after applying 4.00 m (13.1234 DXF ft) margin on edge 7 (SIDE, GDCR Table 6.26). The plot is too narrow to accommodate the required setback."
47,1385.37,128.71,IRREGULAR,13.276,12.548,HIGH_RISE,TOO_SMALL,,,,,,,,,,,,,,,,,,,Y,Resulting envelope area 66.1 sq.ft is below the minimum buildable threshold of 215.0 sq.ft (~20 sq.m). The plot is too small for the proposed margins.
48,2380.22,221.13,IRREGULAR,26.37,8.349,HIGH_RISE,COLLAPSED,,,,,,,,,,,,,,,,,,,Y,"Envelope collapsed after applying 4.00 m (13.1234 DXF ft) margin on edge 5 (REAR, GDCR Table 6.26). The plot is too narrow to accommodate the required setback."
49,2834.33,263.32,IRREGULAR,3.726,26.278,HIGH_RISE,VALID,NO_FIT_CORE,NO_CORE_FIT,,,,,,,,,,,,,7.239,4.267,,Y,Y,Core fit failed
5,2297.59,213.45,IRREGULAR,17.25,12.651,HIGH_RISE,VALID,VALID,VALID,END_CORE,Y,NON-COMPLIANT,1.1983,2.7,14.98,40.0,715.4,229.76,311.37,3.0,8,8.763,3.658,51.39,N,Y,
50,1355.35,125.92,IRREGULAR,17.293,8.321,HIGH_RISE,COLLAPSED,,,,,,,,,,,,,,,,,,,Y,"Envelope collapsed after applying 5.00 m (16.4042 DXF ft) margin on edge 3 (ROAD, GDCR Table 6.24). The plot is too narrow to accommodate the required setback."
51,2568.11,238.58,RECTANGULAR,23.437,10.217,HIGH_RISE,TOO_SMALL,,,,,,,,,,,,,,,,,,,Y,Resulting envelope area 201.0 sq.ft is below the minimum buildable threshold of 215.0 sq.ft (~20 sq.m). The plot is too small for the proposed margins.
52,3241.32,301.13,IRREGULAR,17.707,15.401,HIGH_RISE,VALID,VALID,VALID,SINGLE_LOADED,Y,NON-COMPLIANT,1.7481,2.7,21.85,40.0,845.68,324.13,260.91,3.0,8,10.668,6.172,48.39,N,Y,
53,1703.65,158.27,IRREGULAR,20.053,8.238,HIGH_RISE,COLLAPSED,,,,,,,,,,,,,,,,,,,Y,"Envelope collapsed after applying 5.00 m (16.4042 DXF ft) margin on edge 3 (ROAD, GDCR Table 6.24). The plot is too narrow to accommodate the required setback."
54,1735.76,161.26,RECTANGULAR,20.093,8.038,HIGH_RISE,COLLAPSED,,,,,,,,,,,,,,,,,,,Y,"Envelope collapsed after applying 5.00 m (16.4042 DXF ft) margin on edge 2 (ROAD, GDCR Table 6.24). The plot is too narrow to accommodate the required setback."
55,1736.74,161.35,RECTANGULAR,20.131,8.023,HIGH_RISE,COLLAPSED,,,,,,,,,,,,,,,,,,,Y,"Envelope collapsed after applying 5.00 m (16.4042 DXF ft) margin on edge 2 (ROAD, GDCR Table 6.24). The plot is too narrow to accommodate the required setback."
56,2981.94,277.03,IRREGULAR,20.146,14.586,HIGH_RISE,VALID,NO_FIT_CORE,NO_CORE_FIT,,,,,,,,,,,,,6.706,5.029,,Y,Y,Core fit failed
57,9301.83,864.17,IRREGULAR,41.64,22.257,HIGH_RISE,VALID,VALID,VALID,SINGLE_LOADED,Y,NON-COMPLIANT,2.8706,2.7,35.88,40.0,1788.0,930.18,192.22,3.0,8,32.444,9.619,76.03,N,Y,
58,5172.9,480.58,RECTANGULAR,29.157,16.469,HIGH_RISE,COLLAPSED,,,,,,,,,,,,,,,,,,,Y,"Envelope collapsed after applying 4.00 m (13.1234 DXF ft) margin on edge 2 (SIDE, GDCR Table 6.26). The plot is too narrow to accommodate the required setback."
59,2567.39,238.52,RECTANGULAR,16.795,14.205,HIGH_RISE,VALID,VALID,VALID,END_CORE,Y,NON-COMPLIANT,1.5203,2.7,19.0,40.0,722.98,256.74,281.6,3.0,8,5.182,8.763,58.92,N,Y,
6,2562.14,238.03,IRREGULAR,20.819,12.46,HIGH_RISE,VALID,NO_FIT,,,,,,,,,,,,,,,,,,Y,Placement failed
60,1920.0,178.37,RECTANGULAR,16.799,10.621,HIGH_RISE,TOO_SMALL,,,,,,,,,,,,,,,,,,,Y,Resulting envelope area 153.3 sq.ft is below the minimum buildable threshold of 215.0 sq.ft (~20 sq.m). The plot is too small for the proposed margins.
61,8164.37,758.49,IRREGULAR,31.527,24.823,HIGH_RISE,VALID,VALID,VALID,END_CORE,Y,NON-COMPLIANT,3.1037,2.7,38.8,40.0,1280.59,816.44,156.85,3.0,8,14.439,20.455,82.4,N,Y,
62,3766.91,349.96,IRREGULAR,19.459,17.9,HIGH_RISE,VALID,VALID,VALID,END_CORE,Y,NON-COMPLIANT,2.1021,2.7,26.28,40.0,810.58,376.69,215.18,3.0,8,10.516,8.763,58.92,N,Y,
63,9283.22,862.44,IRREGULAR,46.384,20.311,HIGH_RISE,VALID,VALID,VALID,END_CORE,Y,NON-COMPLIANT,2.7732,2.7,34.66,40.0,1829.16,928.32,197.04,3.0,8,8.214,36.401,90.11,N,Y,
64,3358.09,311.98,IRREGULAR,18.794,17.91,HIGH_RISE,VALID,VALID,VALID,END_CORE,Y,NON-COMPLIANT,1.9383,2.7,24.23,40.0,728.09,335.81,216.82,3.0,8,9.449,8.001,55.01,N,Y,
65,8232.78,764.85,IRREGULAR,38.308,17.617,HIGH_RISE,VALID,VALID,VALID,END_CORE,Y,NON-COMPLIANT,1.277,2.7,15.96,40.0,1843.03,823.28,223.86,3.0,8,8.534,14.326,74.87,N,Y,
66,1951.85,181.33,IRREGULAR,22.009,8.415,HIGH_RISE,COLLAPSED,,,,,,,,,,,,,,,,,,,Y,"Envelope collapsed after applying 4.00 m (13.1234 DXF ft) margin on edge 4 (REAR, GDCR Table 6.26). The plot is too narrow to accommodate the required setback."
67,3625.47,336.82,IRREGULAR,21.439,16.127,HIGH_RISE,VALID,VALID,VALID,END_CORE,Y,NON-COMPLIANT,2.1277,2.7,26.6,40.0,881.29,362.55,243.08,3.0,8,7.163,12.573,71.37,N,Y,
68,3750.16,348.4,IRREGULAR,21.278,16.443,HIGH_RISE,VALID,VALID,VALID,END_CORE,Y,NON-COMPLIANT,2.2269,2.7,27.84,40.0,916.11,375.02,244.28,3.0,8,7.315,13.259,72.85,N,Y,
69,2576.04,239.32,IRREGULAR,21.279,11.247,HIGH_RISE,VALID,NO_FIT,,,,,,,,,,,,,,,,,,Y,Placement failed
7,2712.0,251.95,IRREGULAR,18.002,14.603,HIGH_RISE,VALID,VALID,VALID,END_CORE,Y,NON-COMPLIANT,1.4458,2.7,18.07,40.0,757.08,271.2,279.16,3.0,8,9.982,4.572,57.32,N,Y,
70,3522.29,327.23,IRREGULAR,20.331,16.268,HIGH_RISE,VALID,VALID,VALID,END_CORE,Y,NON-COMPLIANT,2.0331,2.7,25.41,40.0,860.14,352.23,244.2,3.0,8,7.239,11.506,68.71,N,Y,
71,4927.63,457.79,IRREGULAR,24.936,19.929,HIGH_RISE,COLLAPSED,,,,,,,,,,,,,,,,,,,Y,"Envelope collapsed after applying 4.00 m (13.1234 DXF ft) margin on edge 6 (SIDE, GDCR Table 6.26). The plot is too narrow to accommodate the required setback."
72,2908.78,270.23,IRREGULAR,21.28,14.032,HIGH_RISE,VALID,NO_FIT,,,,,,,,,,,,,,,,,,Y,Placement failed
73,3907.02,362.97,IRREGULAR,26.482,15.594,HIGH_RISE,VALID,NO_FIT,,,,,,,,,,,,,,,,,,Y,Placement failed
74,4280.83,397.7,IRREGULAR,20.187,21.135,HIGH_RISE,VALID,VALID,VALID,END_CORE,Y,NON-COMPLIANT,2.1285,2.7,26.61,40.0,789.05,428.08,184.32,3.0,8,10.287,10.287,65.0,N,Y,
75,3315.12,307.98,IRREGULAR,23.559,16.573,HIGH_RISE,TOO_SMALL,,,,,,,,,,,,,,,,,,,Y,Resulting envelope area 213.8 sq.ft is below the minimum buildable threshold of 215.0 sq.ft (~20 sq.m). The plot is too small for the proposed margins.
76,4441.59,412.64,IRREGULAR,23.559,17.307,HIGH_RISE,TOO_SMALL,,,,,,,,,,,,,,,,,,,Y,Resulting envelope area 68.6 sq.ft is below the minimum buildable threshold of 215.0 sq.ft (~20 sq.m). The plot is too small for the proposed margins.
77,3907.67,363.03,IRREGULAR,24.508,15.255,HIGH_RISE,VALID,VALID,VALID,SINGLE_LOADED,Y,NON-COMPLIANT,2.1645,2.7,27.06,40.0,989.53,390.77,253.23,3.0,8,15.73,6.292,59.01,N,Y,
78,3404.96,316.33,IRREGULAR,25.425,12.858,HIGH_RISE,VALID,NO_FIT_CORE,NO_CORE_FIT,,,,,,,,,,,,,16.76,3.542,,Y,Y,Core fit failed
79,19418.5,1804.04,IRREGULAR,25.64,57.996,HIGH_RISE,VALID,VALID,VALID,END_CORE,Y,NON-COMPLIANT,1.0852,2.7,13.57,40.0,5707.86,1941.85,293.94,3.0,8,12.467,19.636,81.67,N,Y,
8,6206.58,576.61,IRREGULAR,32.63,18.025,HIGH_RISE,VALID,VALID,VALID,END_CORE,Y,NON-COMPLIANT,1.0012,2.7,12.52,40.0,1358.64,620.66,218.9,3.0,8,8.077,8.992,59.96,N,Y,
80,3470.6,322.43,IRREGULAR,19.297,16.763,HIGH_RISE,VALID,VALID,VALID,END_CORE,Y,NON-COMPLIANT,2.1523,2.7,26.9,40.0,827.35,347.06,238.39,3.0,8,11.201,7.772,53.68,N,Y,
81,5215.06,484.49,IRREGULAR,31.573,15.354,HIGH_RISE,VALID,VALID,VALID,END_CORE,Y,NON-COMPLIANT,2.471,2.7,30.89,40.0,1358.14,521.51,260.42,3.0,8,6.374,23.571,84.73,N,Y,
82,5890.26,547.22,IRREGULAR,26.443,20.707,HIGH_RISE,VALID,VALID,VALID,END_CORE,Y,NON-COMPLIANT,1.9699,2.7,24.62,40.0,1137.63,589.03,193.14,3.0,8,7.321,18.445,80.48,N,Y,
83,3683.94,342.25,IRREGULAR,26.479,12.935,HIGH_RISE,COLLAPSED,,,,,,,,,,,,,,,,,,,Y,"Envelope collapsed after applying 4.00 m (13.1234 DXF ft) margin on edge 5 (REAR, GDCR Table 6.26). The plot is too narrow to accommodate the required setback."
84,3472.78,322.63,IRREGULAR,31.573,10.222,HIGH_RISE,VALID,NO_FIT,,,,,,,,,,,,,,,,,,Y,Placement failed
85,3684.9,342.34,IRREGULAR,10.858,31.55,HIGH_RISE,VALID,NO_FIT,,,,,,,,,,,,,,,,,,Y,Placement failed
86,4507.91,418.8,IRREGULAR,31.514,14.365,HIGH_RISE,VALID,VALID,VALID,END_CORE,Y,NON-COMPLIANT,1.6426,2.7,20.53,40.0,1317.34,450.79,292.23,3.0,8,22.794,3.819,81.31,N,Y,
87,3657.03,339.75,IRREGULAR,18.896,18.575,HIGH_RISE,VALID,VALID,VALID,END_CORE,Y,NON-COMPLIANT,2.2733,2.7,28.42,40.0,771.28,365.7,210.91,3.0,8,8.839,10.973,67.19,N,Y,
88,10176.87,945.46,IRREGULAR,42.413,22.814,HIGH_RISE,VALID,VALID,VALID,END_CORE,Y,NON-COMPLIANT,3.0712,2.7,38.39,40.0,1782.62,1017.69,175.16,3.0,8,11.289,32.183,88.81,N,Y,
89,3662.78,340.28,IRREGULAR,22.411,15.613,HIGH_RISE,VALID,VALID,VALID,SINGLE_LOADED,Y,NON-COMPLIANT,2.0636,2.7,25.79,40.0,899.35,366.28,245.54,3.0,8,13.335,6.629,55.74,N,Y,
9,4861.96,451.69,IRREGULAR,33.527,13.692,HIGH_RISE,VALID,VALID,VALID,END_CORE,Y,NON-COMPLIANT,2.0361,2.7,25.45,40.0,1403.68,486.2,288.7,3.0,8,24.509,4.728,82.62,N,Y,
90,186.1,17.29,IRREGULAR,4.728,3.716,HIGH_RISE,COLLAPSED,,,,,,,,,,,,,,,,,,,Y,"Envelope collapsed after applying 5.00 m (16.4042 DXF ft) margin on edge 0 (ROAD, GDCR Table 6.24). The plot is too narrow to accommodate the required setback."
91,4733.39,439.75,IRREGULAR,23.178,15.621,HIGH_RISE,VALID,NO_FIT,,,,,,,,,,,,,,,,,,Y,Placement failed
92,2902.53,269.65,IRREGULAR,17.195,16.069,HIGH_RISE,VALID,VALID,VALID,END_CORE,Y,NON-COMPLIANT,1.7877,2.7,22.35,40.0,713.24,290.25,245.73,3.0,8,8.687,7.01,48.65,N,Y,
93,2923.54,271.61,IRREGULAR,16.938,16.386,HIGH_RISE,VALID,VALID,VALID,END_CORE,Y,NON-COMPLIANT,1.8,2.7,22.5,40.0,713.98,292.35,244.22,3.0,8,8.534,7.163,49.74,N,Y,
94/1,4619.11,429.13,IRREGULAR,22.123,19.807,HIGH_RISE,VALID,VALID,VALID,END_CORE,Y,NON-COMPLIANT,2.661,2.7,33.26,40.0,951.27,461.91,205.94,3.0,8,14.097,10.135,64.48,N,Y,
94/2,647.1,60.12,IRREGULAR,8.822,7.215,HIGH_RISE,COLLAPSED,,,,,,,,,,,,,,,,,,,Y,"Envelope collapsed after applying 5.00 m (16.4042 DXF ft) margin on edge 4 (ROAD, GDCR Table 6.24). The plot is too narrow to accommodate the required setback."
95,2343.08,217.68,IRREGULAR,19.821,11.075,HIGH_RISE,VALID,NO_FIT,,,,,,,,,,,,,,,,,,Y,Placement failed
96,8542.79,793.65,IRREGULAR,22.092,31.249,HIGH_RISE,VALID,NO_FIT,,,,,,,,,,,,,,,,,,Y,Placement failed
97,1427.84,132.65,IRREGULAR,18.136,7.322,HIGH_RISE,COLLAPSED,,,,,,,,,,,,,,,,,,,Y,"Envelope collapsed after applying 4.00 m (13.1234 DXF ft) margin on edge 2 (REAR, GDCR Table 6.26). The plot is too narrow to accommodate the required setback."
98,5315.46,493.82,IRREGULAR,27.302,18.264,HIGH_RISE,VALID,VALID,VALID,END_CORE,Y,NON-COMPLIANT,2.835,2.7,35.44,40.0,1138.85,531.55,214.25,3.0,8,9.138,19.179,81.23,N,Y,
99,2464.75,228.98,IRREGULAR,18.196,12.803,HIGH_RISE,VALID,VALID,VALID,END_CORE,Y,NON-COMPLIANT,1.2903,2.7,16.13,40.0,745.6,246.47,302.51,3.0,8,9.906,3.734,57.0,N,Y,
